id,kind,features,mae,rmse,wape_pct,bias,n,fit_predict_seconds,mlflow_run_id
E01,baseline,full,7.803731884057969,17.63829707573506,33.11728296144001,0.00011775362318841828,8832,0.009626083000000563,3af1a90c8ade45669186a5c7b20a23e8
E02,baseline,full,13.538239356884059,26.035437651622136,57.453242915425434,0.13509850543478277,8832,0.009260166999993658,9946968c136d4c668075d816034fa805
E03,baseline,full,12.961529664855073,24.920166423532166,55.0058166914997,0.8050668025362318,8832,0.00929349999999829,bd0342e07e9f4e9f91e7df932c27f9ef
E04,ridge,full,8.576885687208074,14.43900559538481,36.39837381028668,0.06151451659268957,8832,0.016511540999999852,7600f0c65e5b4f5398697c9c05183d9f
E05,rf,full,5.050229093793081,10.65230650730457,21.432036415924593,0.546709814585261,8832,31.202994473000004,1177a6173d6d466d863854c699c21a2d
E06,rf,full,4.893369424663313,10.466475604696056,20.76635925979105,0.426386832944443,8832,66.18878907200002,902a31c99d80424fba6c0fc7a6d0ea94
E07,hgb,full,5.107173036694073,10.411203569114186,21.673693702208965,0.37426508445775963,8832,0.9370173739999927,a623c13850734a91ba81eae794fd5972
E08,hgb,full,4.980369829188244,10.368305331164889,21.135569409142523,0.2288120671925976,8832,1.2944114590000027,caae62f3e8d44049b761cd671da136ce
E09,hgb,full,5.05332099397926,10.522800878961151,21.44515774490867,0.1498890577528834,8832,1.1962345009999922,8e270c8fa4fc472987e468a24da30d17
E10,hgb,short,5.00483195974549,10.493901965027767,21.23938118939589,0.5395350615632282,8832,1.0182244590000096,d3a427451d914905b410816e71867fa1
