id,month,train_rows,last_training_label,first_issue_time,fit_predict_seconds,mae,rmse,wape_pct,bias,n
E01,2018-07,16703,2018-06-30 23:45:00,2018-06-30 23:46:00,0.005976750000000308,8.96236559139785,18.58873183616574,32.65649546779707,0.00020833333333338262,2976
E01,2018-08,19679,2018-07-31 23:45:00,2018-07-31 23:46:00,0.0032906249999999915,7.776293682795699,18.254510229430913,33.75502100878027,-9.744623655923261e-05,2976
E01,2018-09,22655,2018-08-31 23:45:00,2018-08-31 23:46:00,0.003232625000000766,6.629024305555555,15.895629842515767,32.98302940738976,0.00019791666666663855,2880
E02,2018-07,16703,2018-06-30 23:45:00,2018-06-30 23:46:00,0.0035065420000002234,13.90751680107527,24.634264643436172,50.67532168276453,-0.2187399193548388,2976
E02,2018-08,19679,2018-07-31 23:45:00,2018-07-31 23:46:00,0.0032701250000002346,14.073185483870969,28.563936558307034,61.08831418230871,-0.16315860215053754,2976
E02,2018-09,22655,2018-08-31 23:45:00,2018-08-31 23:46:00,0.003380625000000137,12.60382638888889,24.66883289193066,62.71094466827693,0.8088819444444441,2880
E03,2018-07,16703,2018-06-30 23:45:00,2018-06-30 23:46:00,0.0031557079999995352,12.192261424731182,23.082631459623627,44.42538366668336,-0.5331686827956993,2976
E03,2018-08,19679,2018-07-31 23:45:00,2018-07-31 23:46:00,0.0031972499999994852,14.959459005376344,28.717021916428866,64.9354144280371,1.206394489247312,2976
E03,2018-09,22655,2018-08-31 23:45:00,2018-08-31 23:46:00,0.0031395829999993907,11.691913194444444,22.399122001176988,58.173676689919866,1.7731562499999995,2880
E04,2018-07,16703,2018-06-30 23:45:00,2018-06-30 23:46:00,0.008393417000000625,8.96437421272072,14.759571954119236,32.663814353916806,0.010314067645007677,2976
E04,2018-08,19679,2018-07-31 23:45:00,2018-07-31 23:46:00,0.00574533300000013,8.93520937981796,15.18269982023063,38.78559537956814,0.0340954312139376,2976
E04,2018-09,22655,2018-08-31 23:45:00,2018-08-31 23:46:00,0.005686709000000789,7.787535206975891,13.262141494103837,38.74725614258291,0.1754334593603191,2880
E05,2018-07,16703,2018-06-30 23:45:00,2018-06-30 23:46:00,9.290303296000001,5.610913118612243,11.172703722945466,20.444686947833517,0.7191789757673889,2976
E05,2018-08,19679,2018-07-31 23:45:00,2018-07-31 23:46:00,10.950290837999997,5.028025527637746,10.911504839436393,21.82544978896402,0.5964605047634198,2976
E05,2018-09,22655,2018-08-31 23:45:00,2018-08-31 23:46:00,12.014400381000002,4.436539455723174,9.841261896884925,22.07421553915979,0.29808490713751556,2880
E06,2018-07,16703,2018-06-30 23:45:00,2018-06-30 23:46:00,17.887047007999996,5.4129161869548925,10.92042859906159,19.723238370963145,0.5607231904018086,2976
E06,2018-08,19679,2018-07-31 23:45:00,2018-07-31 23:46:00,21.774501427000004,4.8954862383873685,10.715825077994607,21.25012860439594,0.38320689359806653,2976
E06,2018-09,22655,2018-08-31 23:45:00,2018-08-31 23:46:00,25.184972887,4.377321708612809,9.765237268832108,21.779574788975236,0.2710547234595549,2880
E07,2018-07,16703,2018-06-30 23:45:00,2018-06-30 23:46:00,0.2867136670000008,5.52510168137255,10.696456114564503,20.132012712139222,0.24498980339085322,2976
E07,2018-08,19679,2018-07-31 23:45:00,2018-07-31 23:46:00,0.3133479580000085,5.075221227165867,10.554538569612594,22.030314972055084,0.5449053064367568,2976
E07,2018-09,22655,2018-08-31 23:45:00,2018-08-31 23:46:00,0.3457343339999994,4.651435810910957,9.91292676477204,23.143442694769913,0.3453094042002914,2880
E08,2018-07,16703,2018-06-30 23:45:00,2018-06-30 23:46:00,0.39687800000000095,5.412356900666283,10.63700188921665,19.721200479296826,0.19264515960175935,2976
E08,2018-08,19679,2018-07-31 23:45:00,2018-07-31 23:46:00,0.4300590839999927,4.961305260040951,10.53004642908496,21.535833150715913,0.3200549688456559,2976
E08,2018-09,22655,2018-08-31 23:45:00,2018-08-31 23:46:00,0.456856626000004,4.492081693771952,9.787907585135226,22.35056861715044,0.1830618866310373,2880
E09,2018-07,16703,2018-06-30 23:45:00,2018-06-30 23:46:00,0.3768133330000012,5.482698173508404,10.697847256790533,19.97750551777602,0.10416417149525943,2976
E09,2018-08,19679,2018-07-31 23:45:00,2018-07-31 23:46:00,0.40201600000000326,5.1283701292503885,10.769881066975728,22.261021575951197,0.3830966851656579,2976
E09,2018-09,22655,2018-08-31 23:45:00,2018-08-31 23:46:00,0.4281772920000009,4.4887140455138885,9.820664268213621,22.333812721198097,0.05371001776963094,2880
E10,2018-07,16703,2018-06-30 23:45:00,2018-06-30 23:46:00,0.32368579200000624,5.610958973345574,11.008805669594384,20.444854030382867,0.7423239382150377,2976
E10,2018-08,19679,2018-07-31 23:45:00,2018-07-31 23:46:00,0.3467914590000021,4.929819054435499,10.617426347364612,21.399159103277327,0.48785463772502874,2976
E10,2018-09,22655,2018-08-31 23:45:00,2018-08-31 23:46:00,0.3824595410000029,4.516696473080905,9.9415006419987,22.473040636014996,0.4486583714307962,2880
