interval_start,interval_end,issue_time,energy,prediction,baseline,ramp_kwh,signed_error_kwh,missed
2018-11-01 08:30:00,2018-11-01 08:45:00,2018-11-01 08:16:00,110.7,77.18736660714279,47.27,63.43,-33.51263339285721,True
2018-11-01 10:45:00,2018-11-01 11:00:00,2018-11-01 10:31:00,104.18,61.19552547619049,56.52,47.660000000000004,-42.98447452380952,True
2018-11-01 11:00:00,2018-11-01 11:15:00,2018-11-01 10:46:00,84.82,70.44894321428572,77.87,6.949999999999989,-14.371056785714273,True
2018-11-02 15:45:00,2018-11-02 16:00:00,2018-11-02 15:31:00,82.98,60.64102666666664,58.68,24.300000000000004,-22.338973333333364,True
2018-11-03 10:00:00,2018-11-03 10:15:00,2018-11-03 09:46:00,92.41,45.4292972727273,57.24,35.169999999999995,-46.9807027272727,True
2018-11-03 10:15:00,2018-11-03 10:30:00,2018-11-03 10:01:00,88.88,68.21845047619047,73.87,15.009999999999991,-20.661549523809526,True
2018-11-03 11:15:00,2018-11-03 11:30:00,2018-11-03 11:01:00,92.02,79.06686726190478,92.59,-0.5700000000000074,-12.95313273809522,True
2018-11-03 13:15:00,2018-11-03 13:30:00,2018-11-03 13:01:00,91.55,69.55358432539681,3.67,87.88,-21.996415674603185,True
2018-11-03 13:45:00,2018-11-03 14:00:00,2018-11-03 13:31:00,92.23,76.1784049206349,91.55,0.6800000000000068,-16.0515950793651,True
2018-11-04 09:30:00,2018-11-04 09:45:00,2018-11-04 09:16:00,83.12,33.94293458333334,40.93,42.190000000000005,-49.177065416666665,True
2018-11-04 10:15:00,2018-11-04 10:30:00,2018-11-04 10:01:00,86.69,70.20684315476188,69.34,17.349999999999994,-16.483156845238113,True
2018-11-04 10:30:00,2018-11-04 10:45:00,2018-11-04 10:16:00,91.73,57.76766059523805,60.05,31.680000000000007,-33.962339404761956,True
2018-11-04 11:00:00,2018-11-04 11:15:00,2018-11-04 10:46:00,93.31,80.06217420634921,91.73,1.5799999999999983,-13.24782579365079,True
2018-11-04 13:15:00,2018-11-04 13:30:00,2018-11-04 13:01:00,92.05,73.34815654761907,3.35,88.7,-18.701843452380928,True
2018-11-04 13:45:00,2018-11-04 14:00:00,2018-11-04 13:31:00,95.15,78.90210041666667,92.05,3.1000000000000085,-16.247899583333336,True
2018-11-04 14:30:00,2018-11-04 14:45:00,2018-11-04 14:16:00,81.58,69.83086412698414,71.93,9.649999999999991,-11.74913587301586,True
2018-11-04 15:00:00,2018-11-04 15:15:00,2018-11-04 14:46:00,93.6,79.49143412698412,81.58,12.019999999999996,-14.108565873015877,True
2018-11-04 16:00:00,2018-11-04 16:15:00,2018-11-04 15:46:00,93.89,74.18199970238096,91.66,2.230000000000004,-19.708000297619037,True
2018-11-04 16:30:00,2018-11-04 16:45:00,2018-11-04 16:16:00,83.81,79.57300950396827,93.89,-10.079999999999998,-4.236990496031737,True
2018-11-05 08:15:00,2018-11-05 08:30:00,2018-11-05 08:01:00,94.86,67.04724160714287,5.22,89.64,-27.812758392857134,True
2018-11-05 09:00:00,2018-11-05 09:15:00,2018-11-05 08:46:00,82.26,70.98519408730158,59.47,22.790000000000006,-11.274805912698426,True
2018-11-05 09:45:00,2018-11-05 10:00:00,2018-11-05 09:31:00,83.23,76.57784063492065,73.48,9.75,-6.652159365079356,True
2018-11-06 11:00:00,2018-11-06 11:15:00,2018-11-06 10:46:00,85.75,64.47270380952378,60.23,25.520000000000003,-21.27729619047622,True
2018-11-08 16:15:00,2018-11-08 16:30:00,2018-11-08 16:01:00,109.08,58.57409373015872,54.04,55.04,-50.505906269841276,True
2018-11-08 19:15:00,2018-11-08 19:30:00,2018-11-08 19:01:00,85.43,71.59349934523807,74.3,11.13000000000001,-13.836500654761934,True
2018-11-08 19:30:00,2018-11-08 19:45:00,2018-11-08 19:16:00,94.21,75.94863025793646,80.17,14.039999999999992,-18.261369742063536,True
2018-11-09 08:15:00,2018-11-09 08:30:00,2018-11-09 08:01:00,90.18,72.57954954365081,6.05,84.13000000000001,-17.600450456349193,True
2018-11-09 08:30:00,2018-11-09 08:45:00,2018-11-09 08:16:00,80.53,61.16304097222224,35.96,44.57,-19.36695902777776,True
2018-11-09 09:15:00,2018-11-09 09:30:00,2018-11-09 09:01:00,108.47,78.35691333333332,108.5,-0.030000000000001137,-30.113086666666675,True
2018-11-12 15:30:00,2018-11-12 15:45:00,2018-11-12 15:16:00,82.04,69.76746398809522,75.35,6.690000000000012,-12.27253601190479,True
2018-11-12 15:45:00,2018-11-12 16:00:00,2018-11-12 15:31:00,115.13,66.73725281746033,61.96,53.169999999999995,-48.392747182539665,True
2018-11-12 16:00:00,2018-11-12 16:15:00,2018-11-12 15:46:00,105.7,72.95621569444448,82.04,23.659999999999997,-32.74378430555552,True
2018-11-12 18:00:00,2018-11-12 18:15:00,2018-11-12 17:46:00,90.86,61.53498865079362,33.05,57.81,-29.325011349206378,True
2018-11-12 18:15:00,2018-11-12 18:30:00,2018-11-12 18:01:00,96.34,78.7696068452381,32.26,64.08000000000001,-17.570393154761902,True
2018-11-12 18:30:00,2018-11-12 18:45:00,2018-11-12 18:16:00,108.61,69.62502634920635,90.86,17.75,-38.98497365079365,True
2018-11-13 08:15:00,2018-11-13 08:30:00,2018-11-13 08:01:00,103.1,69.66708138888889,7.27,95.83,-33.432918611111106,True
2018-11-13 13:15:00,2018-11-13 13:30:00,2018-11-13 13:01:00,82.26,62.92864005952384,31.43,50.830000000000005,-19.331359940476162,True
2018-11-13 14:15:00,2018-11-13 14:30:00,2018-11-13 14:01:00,85.79,77.16905218253966,100.33,-14.539999999999992,-8.620947817460348,True
2018-11-13 15:30:00,2018-11-13 15:45:00,2018-11-13 15:16:00,107.89,77.84853141774893,88.88,19.010000000000005,-30.04146858225107,True
2018-11-13 16:30:00,2018-11-13 16:45:00,2018-11-13 16:16:00,92.7,71.24187511904762,56.95,35.75,-21.458124880952383,True
2018-11-13 16:45:00,2018-11-13 17:00:00,2018-11-13 16:31:00,114.91,66.35598142857145,53.06,61.849999999999994,-48.55401857142854,True
2018-11-13 18:15:00,2018-11-13 18:30:00,2018-11-13 18:01:00,107.17,73.08795863095237,35.35,71.82,-34.08204136904763,True
2018-11-13 19:15:00,2018-11-13 19:30:00,2018-11-13 19:01:00,104.26,78.49578137987014,93.92,10.340000000000003,-25.764218620129867,True
2018-11-13 20:15:00,2018-11-13 20:30:00,2018-11-13 20:01:00,100.73,77.27524904761904,90.14,10.590000000000003,-23.454750952380962,True
2018-11-14 08:15:00,2018-11-14 08:30:00,2018-11-14 08:01:00,103.03,68.65860583333333,4.79,98.24,-34.371394166666676,True
2018-11-14 13:45:00,2018-11-14 14:00:00,2018-11-14 13:31:00,81.65,65.50322142857144,62.17,19.480000000000004,-16.14677857142857,True
2018-11-14 14:00:00,2018-11-14 14:15:00,2018-11-14 13:46:00,116.6,71.67363861111109,68.72,47.879999999999995,-44.92636138888891,True
2018-11-14 14:15:00,2018-11-14 14:30:00,2018-11-14 14:01:00,120.64,76.36823416666667,81.65,38.989999999999995,-44.27176583333333,True
2018-11-14 16:30:00,2018-11-14 16:45:00,2018-11-14 16:16:00,120.85,66.1651281150794,69.41,51.44,-54.6848718849206,True
2018-11-14 16:45:00,2018-11-14 17:00:00,2018-11-14 16:31:00,97.45,70.06724376984128,65.27,32.18000000000001,-27.38275623015872,True
2018-11-15 08:15:00,2018-11-15 08:30:00,2018-11-15 08:01:00,115.31,73.79841597222224,5.76,109.55,-41.51158402777776,True
2018-11-16 14:30:00,2018-11-16 14:45:00,2018-11-16 14:16:00,96.19,64.76306154761906,51.37,44.82,-31.426938452380938,True
2018-11-16 14:45:00,2018-11-16 15:00:00,2018-11-16 14:31:00,98.86,62.90531680555556,59.26,39.6,-35.95468319444444,True
2018-11-16 19:30:00,2018-11-16 19:45:00,2018-11-16 19:16:00,95.18,53.93794726551228,50.4,44.78000000000001,-41.24205273448773,True
2018-11-16 19:45:00,2018-11-16 20:00:00,2018-11-16 19:31:00,94.72,50.01194536075038,59.04,35.68,-44.70805463924962,True
2018-11-17 08:15:00,2018-11-17 08:30:00,2018-11-17 08:01:00,82.62,50.16485565476192,4.9,77.72,-32.45514434523808,True
2018-11-17 08:30:00,2018-11-17 08:45:00,2018-11-17 08:16:00,102.71,68.64476339285714,45.65,57.059999999999995,-34.06523660714285,True
2018-11-17 13:15:00,2018-11-17 13:30:00,2018-11-17 13:01:00,107.1,78.42914902777783,4.79,102.30999999999999,-28.67085097222217,True
2018-11-18 08:15:00,2018-11-18 08:30:00,2018-11-18 08:01:00,86.22,51.7785508333333,5.0,81.22,-34.4414491666667,True
2018-11-21 11:00:00,2018-11-21 11:15:00,2018-11-21 10:46:00,81.32,64.60921394841273,69.66,11.659999999999997,-16.710786051587263,True
2018-11-21 11:15:00,2018-11-21 11:30:00,2018-11-21 11:01:00,96.26,63.22760410714287,68.87,27.39,-33.03239589285714,True
2018-11-21 11:30:00,2018-11-21 11:45:00,2018-11-21 11:16:00,83.95,68.72342041666668,81.32,2.6300000000000097,-15.226579583333319,True
2018-11-21 13:30:00,2018-11-21 13:45:00,2018-11-21 13:16:00,109.19,72.41611010642137,47.3,61.89,-36.77388989357863,True
2018-11-21 14:30:00,2018-11-21 14:45:00,2018-11-21 14:16:00,91.76,74.73854452380951,94.0,-2.239999999999995,-17.021455476190496,True
2018-11-21 15:00:00,2018-11-21 15:15:00,2018-11-21 14:46:00,94.82,75.65005184523805,91.76,3.059999999999988,-19.16994815476194,True
2018-11-21 16:30:00,2018-11-21 16:45:00,2018-11-21 16:16:00,106.13,73.15753089285717,70.6,35.53,-32.97246910714283,True
2018-11-21 18:15:00,2018-11-21 18:30:00,2018-11-21 18:01:00,127.4,72.35574857142858,33.77,93.63,-55.04425142857143,True
2018-11-21 18:30:00,2018-11-21 18:45:00,2018-11-21 18:16:00,106.52,80.42796482142859,74.27,32.25,-26.092035178571408,True
2018-11-21 19:00:00,2018-11-21 19:15:00,2018-11-21 18:46:00,83.38,75.12176660714283,106.52,-23.14,-8.258233392857164,True
2018-11-21 19:45:00,2018-11-21 20:00:00,2018-11-21 19:31:00,119.45,79.85931555194803,93.53,25.92,-39.590684448051974,True
2018-11-21 20:15:00,2018-11-21 20:30:00,2018-11-21 20:01:00,98.6,77.43091428571434,119.45,-20.85000000000001,-21.169085714285657,True
2018-11-21 20:30:00,2018-11-21 20:45:00,2018-11-21 20:16:00,86.83,79.1534838095238,95.65,-8.820000000000007,-7.6765161904761925,True
2018-11-22 08:30:00,2018-11-22 08:45:00,2018-11-22 08:16:00,120.67,73.89891654761902,41.51,79.16,-46.77108345238098,True
2018-11-22 15:30:00,2018-11-22 15:45:00,2018-11-22 15:16:00,80.57,80.15458047619046,79.34,1.2299999999999898,-0.4154195238095326,True
2018-11-22 16:00:00,2018-11-22 16:15:00,2018-11-22 15:46:00,81.07,76.8718954563492,80.57,0.5,-4.1981045436508,True
2018-11-22 16:15:00,2018-11-22 16:30:00,2018-11-22 16:01:00,97.96,77.16198148088023,79.6,18.36,-20.798018519119765,True
2018-11-22 18:45:00,2018-11-22 19:00:00,2018-11-22 18:31:00,82.37,70.62190714285711,70.16,12.210000000000008,-11.748092857142893,True
2018-11-23 08:30:00,2018-11-23 08:45:00,2018-11-23 08:16:00,90.9,77.74586426406923,42.23,48.67000000000001,-13.15413573593078,True
2018-11-23 10:15:00,2018-11-23 10:30:00,2018-11-23 10:01:00,100.69,75.70873498015868,75.67,25.019999999999996,-24.981265019841317,True
2018-11-23 10:30:00,2018-11-23 10:45:00,2018-11-23 10:16:00,83.66,72.81788507936506,70.96,12.700000000000003,-10.842114920634941,True
2018-11-23 15:15:00,2018-11-23 15:30:00,2018-11-23 15:01:00,110.48,71.49238714285713,74.3,36.18000000000001,-38.98761285714288,True
2018-11-26 08:15:00,2018-11-26 08:30:00,2018-11-26 08:01:00,88.92,60.6834126190476,5.58,83.34,-28.2365873809524,True
2018-11-26 08:30:00,2018-11-26 08:45:00,2018-11-26 08:16:00,88.99,75.76269932539681,45.36,43.629999999999995,-13.227300674603185,True
2018-11-26 10:45:00,2018-11-26 11:00:00,2018-11-26 10:31:00,80.75,73.10133904761908,70.06,10.689999999999998,-7.648660952380922,True
2018-11-26 11:00:00,2018-11-26 11:15:00,2018-11-26 10:46:00,82.66,73.5335776388889,73.12,9.539999999999992,-9.126422361111096,True
2018-11-26 11:30:00,2018-11-26 11:45:00,2018-11-26 11:16:00,84.74,78.46780025793645,82.66,2.0799999999999983,-6.272199742063549,True
2018-11-26 13:15:00,2018-11-26 13:30:00,2018-11-26 13:01:00,93.17,60.87475936688308,6.01,87.16,-32.29524063311692,True
2018-11-27 09:00:00,2018-11-27 09:15:00,2018-11-27 08:46:00,81.54,77.89378517857145,73.62,7.920000000000002,-3.6462148214285577,True
2018-11-28 14:00:00,2018-11-28 14:15:00,2018-11-28 13:46:00,84.46,75.35370952380948,79.24,5.219999999999999,-9.106290476190509,True
2018-11-28 14:30:00,2018-11-28 14:45:00,2018-11-28 14:16:00,92.81,70.83807123015872,84.46,8.350000000000009,-21.971928769841284,True
2018-11-28 14:45:00,2018-11-28 15:00:00,2018-11-28 14:31:00,98.53,70.32278099206351,62.39,36.14,-28.207219007936487,True
2018-11-28 17:00:00,2018-11-28 17:15:00,2018-11-28 16:46:00,83.74,76.24968970238093,83.3,0.4399999999999977,-7.490310297619061,True
2018-11-29 08:30:00,2018-11-29 08:45:00,2018-11-29 08:16:00,88.06,66.79018944444447,41.58,46.480000000000004,-21.269810555555537,True
2018-12-04 08:45:00,2018-12-04 09:00:00,2018-12-04 08:31:00,82.33,61.79627236111112,55.04,27.29,-20.533727638888877,True
2018-12-04 09:00:00,2018-12-04 09:15:00,2018-12-04 08:46:00,82.37,59.93545619047619,61.13,21.240000000000002,-22.434543809523817,True
2018-12-04 11:15:00,2018-12-04 11:30:00,2018-12-04 11:01:00,84.1,59.88149744047616,59.98,24.119999999999997,-24.218502559523834,True
2018-12-05 14:45:00,2018-12-05 15:00:00,2018-12-05 14:31:00,85.46,58.52131527777779,61.52,23.93999999999999,-26.938684722222206,True
2018-12-05 15:00:00,2018-12-05 15:15:00,2018-12-05 14:46:00,109.3,59.07466976190474,58.93,50.37,-50.22533023809526,True
2018-12-05 15:15:00,2018-12-05 15:30:00,2018-12-05 15:01:00,87.16,75.99970678571425,85.46,1.7000000000000028,-11.160293214285744,True
2018-12-11 11:30:00,2018-12-11 11:45:00,2018-12-11 11:16:00,84.24,65.87801283730157,63.83,20.409999999999997,-18.361987162698426,True
2018-12-12 14:00:00,2018-12-12 14:15:00,2018-12-12 13:46:00,86.51,72.3148980952381,77.0,9.510000000000005,-14.195101904761898,True
2018-12-13 10:30:00,2018-12-13 10:45:00,2018-12-13 10:16:00,85.43,62.972686737013,69.3,16.13000000000001,-22.457313262987007,True
2018-12-13 16:00:00,2018-12-13 16:15:00,2018-12-13 15:46:00,88.92,66.37092339285711,63.5,25.42,-22.549076607142894,True
2018-12-13 16:15:00,2018-12-13 16:30:00,2018-12-13 16:01:00,105.37,63.21242182539682,60.52,44.85,-42.15757817460319,True
2018-12-13 16:30:00,2018-12-13 16:45:00,2018-12-13 16:16:00,102.89,79.2421954960317,88.92,13.969999999999999,-23.647804503968302,True
2018-12-14 08:15:00,2018-12-14 08:30:00,2018-12-14 08:01:00,94.18,78.68403244047623,7.38,86.80000000000001,-15.495967559523777,True
2018-12-14 08:30:00,2018-12-14 08:45:00,2018-12-14 08:16:00,97.88,66.03108829365078,36.22,61.66,-31.848911706349213,True
2018-12-14 13:00:00,2018-12-14 13:15:00,2018-12-14 12:46:00,86.98,64.6635181547619,9.61,77.37,-22.3164818452381,True
2018-12-17 16:00:00,2018-12-17 16:15:00,2018-12-17 15:46:00,85.86,61.978608571428616,60.44,25.42,-23.881391428571384,True
2018-12-17 16:15:00,2018-12-17 16:30:00,2018-12-17 16:01:00,82.33,65.1003769047619,67.5,14.829999999999998,-17.229623095238097,True
2018-12-18 14:15:00,2018-12-18 14:30:00,2018-12-18 14:01:00,113.51,57.659707678571465,62.46,51.050000000000004,-55.85029232142854,True
2018-12-18 14:30:00,2018-12-18 14:45:00,2018-12-18 14:16:00,99.5,63.53325202380952,67.18,32.31999999999999,-35.96674797619048,True
2018-12-19 10:45:00,2018-12-19 11:00:00,2018-12-19 10:31:00,83.09,65.09849000000004,70.42,12.670000000000002,-17.991509999999963,True
2018-12-19 11:00:00,2018-12-19 11:15:00,2018-12-19 10:46:00,140.8,62.43285436507933,63.68,77.12,-78.36714563492069,True
2018-12-19 11:15:00,2018-12-19 11:30:00,2018-12-19 11:01:00,110.88,75.83957420634918,83.09,27.789999999999992,-35.04042579365081,True
2018-12-20 09:30:00,2018-12-20 09:45:00,2018-12-20 09:16:00,83.16,65.76374501984127,64.12,19.039999999999992,-17.39625498015873,True
